date,hash_rate
2009-01-03,0.0000000497102696296296
2009-01-06,0.0
2009-01-09,0.000000695943774814815
2009-01-12,0.00000442421399703704
2009-01-15,0.00000631320424296296
2009-01-18,0.00000502073723259259
2009-01-21,0.00000561726046814815
2009-01-24,0.0000098923436562963
2009-01-27,0.00000512015777185185
2009-01-30,0.00000601494262518519
2009-02-02,0.00000631320424296296
2009-02-05,0.00000601494262518519
2009-02-08,0.00000666117613037037
2009-02-11,0.00000651204532148148
2009-02-14,0.00000700914801777778
2009-02-17,0.0000058658118162963
2009-02-20,0.00000636291451259259
2009-02-23,0.00000531899885037037
2009-02-26,0.00000477218588444444
2009-03-01,0.00000526928858074074
2009-03-04,0.00000526928858074074
2009-03-07,0.00000551783992888889
2009-03-10,0.00000521957831111111
2009-03-13,0.00000566697073777778
2009-03-16,0.00000646233505185185
2009-03-19,0.00000606465289481481
2009-03-22,0.00000472247561481482
2009-03-25,0.00000576639127703704
2009-03-28,0.00000591552208592593
2009-03-31,0.00000561726046814815
2009-04-03,0.00000561726046814815
2009-04-06,0.00000571668100740741
2009-04-09,0.00000492131669333333
2009-04-12,0.00000571668100740741
2009-04-15,0.00000556755019851852
2009-04-18,0.00000606465289481481
2009-04-21,0.00000611436316444444
2009-04-24,0.00000561726046814815
2009-04-27,0.00000521957831111111
2009-04-30,0.00000656175559111111
2009-05-03,0.00000566697073777778
2009-05-06,0.00000681030693925926
2009-05-09,0.0000045236345362963
2009-05-12,0.00000631320424296296
2009-05-15,0.00000710856855703704
2009-05-18,0.00000616407343407407
2009-05-21,0.00000442421399703704
2009-05-24,0.00000477218588444444
2009-05-27,0.0000062137837037037
2009-05-30,0.00000512015777185185
2009-06-02,0.00000442421399703704
2009-06-05,0.00000283348536888889
2009-06-08,0.00000357913941333333
2009-06-11,0.00000462305507555556
2009-06-14,0.00000347971887407407
2009-06-17,0.00000382769076148148
2009-06-20,0.00000417566264888889
2009-06-23,0.00000377798049185185
2009-06-26,0.00000442421399703704
2009-06-29,0.00000377798049185185
2009-07-02,0.00000357913941333333
2009-07-05,0.00000397682157037037
2009-07-08,0.00000392711130074074
2009-07-11,0.00000417566264888889
2009-07-14,0.00000357913941333333
2009-07-17,0.00000323116752592593
2009-07-20,0.00000372827022222222
2009-07-23,0.00000328087779555556
2009-07-26,0.000000646233505185185
2009-07-29,0.00000159072862814815
2009-08-01,0.00000114333620148148
2009-08-04,0.00000288319563851852
2009-08-07,0.00000367855995259259
2009-08-10,0.00000407624210962963
2009-08-13,0.00000402653184
2009-08-16,0.00000124275674074074
2009-08-19,0.000000745654044444445
2009-08-22,0.000000397682157037037
2009-08-25,0.00000273406482962963
2009-08-28,0.0000031814572562963
2009-08-31,0.00000467276534518518
2009-09-03,0.00000298261617777778
2009-09-06,0.00000357913941333333
2009-09-09,0.00000288319563851852
2009-09-12,0.0000035294291437037
2009-09-15,0.00000278377509925926
2009-09-18,0.00000402653184
2009-09-21,0.00000367855995259259
2009-09-24,0.00000407624210962963
2009-09-27,0.00000442421399703704
2009-09-30,0.00000432479345777778
2009-10-03,0.00000288319563851852
2009-10-06,0.00000203812105481482
2009-10-09,0.00000387740103111111
2009-10-12,0.00000308203671703704
2009-10-15,0.00000422537291851852
2009-10-18,0.0000031814572562963
2009-10-21,0.00000412595237925926
2009-10-24,0.00000372827022222222
2009-10-27,0.00000328087779555556
2009-10-30,0.00000303232644740741
2009-11-02,0.00000164043889777778
2009-11-05,0.0000031814572562963
2009-11-08,0.00000347971887407407
2009-11-11,0.00000343000860444444
2009-11-14,0.00000412595237925926
2009-11-17,0.0000045236345362963
2009-11-20,0.00000407624210962963
2009-11-23,0.00000477218588444444
2009-11-26,0.00000387740103111111
2009-11-29,0.00000288319563851852
2009-12-02,0.0000048716064237037
2009-12-05,0.00000258493402074074
2009-12-08,0.00000591552208592593
2009-12-11,0.0000062137837037037
2009-12-14,0.00000536870912
2009-12-17,0.00000800335341037037
2009-12-20,0.00000869929718518519
2009-12-23,0.00000840103556740741
2009-12-26,0.00000790393287111111
2009-12-29,0.00000815248421925926
2010-01-01,0.0000069974683206591
2010-01-04,0.0000111724284111364
2010-01-07,0.00000934955851247729
2010-01-10,0.0000112312306659318
2010-01-13,0.0000102502484902837
2010-01-16,0.00000869324871960773
2010-01-19,0.00000772012386293523
2010-01-22,0.00000973124856672508
2010-01-25,0.0000135648225052015
2010-01-28,0.0000115601689330042
2010-01-31,0.0000137652878624212
2010-02-03,0.0000162376939347979
2010-02-06,0.0000172674522368241
2010-02-09,0.0000188947514005038
2010-02-12,0.0000169058302004508
2010-02-15,0.0000232460914215077
2010-02-18,0.0000287748915433797
2010-02-21,0.0000268900733200143
2010-02-24,0.0000357130536259464
2010-02-27,0.0000325176751436248
2010-03-02,0.0000368408342667657
2010-03-05,0.000032893602023898
2010-03-08,0.0000306328161893475
2010-03-11,0.0000328852291444466
2010-03-14,0.0000281551619387385
2010-03-17,0.0000277046793477187
2010-03-20,0.0000434715700334123
2010-03-23,0.0000465217732310883
2010-03-26,0.0000442524184393279
2010-03-29,0.0000435716120017998
2010-04-01,0.0000571745218883927
2010-04-04,0.0000502167758384825
2010-04-07,0.0000583845646796815
2010-04-10,0.0000726025674773241
2010-04-13,0.0000641394958031167
2010-04-16,0.0000785222918316944
2010-04-19,0.0000843531550865232
2010-04-22,0.000100871278676606
2010-04-25,0.000096312124838115
2010-04-28,0.000099731490216983
2010-05-01,0.000092892759459247
2010-05-04,0.0000830357266438458
2010-05-07,0.0000836744630026446
2010-05-10,0.0000875068811554374
2010-05-13,0.0000830357266438458
2010-05-16,0.0000613186904446861
2010-05-19,0.000103475290125408
2010-05-22,0.000113064805519858
2010-05-25,0.000126609027014425
2010-05-28,0.000128964543796089
2010-05-31,0.000125573110634133
2010-06-03,0.000129703805062888
2010-06-06,0.000124746971748383
2010-06-09,0.000133834499491642
2010-06-12,0.000118373269418034
2010-06-15,0.00016935153872945
2010-06-18,0.000127877692509993
2010-06-21,0.000139974230990668
2010-06-24,0.00017556041368173
2010-06-27,0.000153374207557116
2010-06-30,0.000177489648996914
2010-07-03,0.000192923531518385
2010-07-06,0.000196266643975214
2010-07-09,0.000220799974472116
2010-07-12,0.000599314216424314
2010-07-15,0.00140783227474294
2010-07-18,0.00161539728960889
2010-07-21,0.00182296230447484
2010-07-24,0.00166954468479131
2010-07-27,0.0021244834042325
2010-07-30,0.0022094627404018
2010-08-02,0.00308353591242889
2010-08-05,0.00296213686075846
2010-08-08,0.00336115750192649
2010-08-11,0.00379880821832317
2010-08-14,0.00456907347918133
2010-08-17,0.00333269244941376
2010-08-20,0.00424854686299312
2010-08-23,0.00552056688185333
2010-08-26,0.00529160327845849
2010-08-29,0.00489621994967136
2010-09-01,0.00545401715912759
2010-09-04,0.00554698336070363
2010-09-07,0.0046792988126606
2010-09-10,0.00605984650023212
2010-09-13,0.00581178260840975
2010-09-16,0.00673316277803568
2010-09-19,0.00958137886113681
2010-09-22,0.00789323115703175
2010-09-25,0.00921637395214112
2010-09-28,0.00985513254288357
2010-10-01,0.0102260252243218
2010-10-04,0.0100949223368305
2010-10-07,0.0113403997679978
2010-10-10,0.0112748483242522
2010-10-13,0.0115768636273677
2010-10-16,0.0163720142422538
2010-10-19,0.0166460228488187
2010-10-22,0.0163447534407265
2010-10-25,0.0224339753108011
2010-10-28,0.0229681175801059
2010-10-31,0.0279717755492162
2010-11-03,0.0308919059636949
2010-11-06,0.0310455970381411
2010-11-09,0.0541208080126503
2010-11-12,0.0385610757090134
2010-11-15,0.0498362440449822
2010-11-18,0.059307385447196
2010-11-21,0.0460829767535695
2010-11-24,0.0631507459215583
2010-11-27,0.0624680351548387
2010-11-30,0.0843295455223728
2010-12-03,0.0771012987633123
2010-12-06,0.0963766234541404
2010-12-09,0.100392316098063
2010-12-12,0.105974736816725
2010-12-15,0.109019987874677
2010-12-18,0.0962299334312791
2010-12-21,0.119982891683304
2010-12-24,0.108001742450377
2010-12-27,0.115921870230071
2010-12-30,0.115201858613736
2011-01-02,0.129602090940453
2011-01-05,0.121596943772684
2011-01-08,0.155644088029036
2011-01-11,0.131324699274499
2011-01-14,0.141052454776314
2011-01-17,0.158561467414078
2011-01-20,0.153978766043729
2011-01-23,0.155811846591869
2011-01-26,0.178725353443614
2011-01-29,0.164136211725285
2011-02-01,0.195869212658841
2011-02-04,0.207905868185362
2011-02-07,0.225413730769392
2011-02-10,0.244256346380359
2011-02-13,0.263641770696261
2011-02-16,0.298535534464883
2011-02-19,0.318987822509188
2011-02-22,0.384235331658794
2011-02-25,0.402359639755907
2011-02-28,0.461482779089527
2011-03-03,0.505696698044212
2011-03-06,0.746109882360313
2011-03-09,0.598433792945317
2011-03-12,0.518895124262712
2011-03-15,0.367392898200606
2011-03-18,0.522682679914265
2011-03-21,0.587071125990659
2011-03-24,0.575708459036002
2011-03-27,0.524622353680603
2011-03-30,0.53490906649787
2011-04-02,0.648062907487804
2011-04-05,0.692638663029293
2011-04-08,0.638574170782251
2011-04-11,0.630387322438889
2011-04-14,0.667228139984018
2011-04-17,0.728629502559235
2011-04-20,0.661049805006051
2011-04-23,0.78040601979881
2011-04-26,0.885990363653943
2011-04-29,0.927305976466821
2011-05-02,0.970408277538992
2011-05-05,1.24299487235332
2011-05-08,1.12305677063501
2011-05-11,1.46331460281772
2011-05-14,1.94065252138393
2011-05-17,2.03455506274122
2011-05-20,2.71821705953771
2011-05-23,3.36136663166047
2011-05-26,3.85889743273657
2011-05-29,3.73988894768231
2011-06-01,3.84797822362689
2011-06-04,4.66945672080566
2011-06-07,4.765651499201
2011-06-10,6.37300141313269
2011-06-13,6.90878471777659
2011-06-16,8.76232250942012
2011-06-19,9.54700810727864
2011-06-22,11.7702839678778
2011-06-25,10.3525630983575
2011-06-28,10.4896831393953
2011-07-01,12.3408036934063
2011-07-04,11.2438433651035
2011-07-07,10.5670018650812
2011-07-10,11.188590210086
2011-07-13,14.2188333919843
2011-07-16,12.3540683569699
2011-07-19,12.7425610725979
2011-07-22,12.0198487388041
2011-07-25,13.1966171467989
2011-07-28,14.0371660096524
2011-07-31,14.1212208959377
2011-08-03,14.9288433269576
2011-08-06,11.642619953099
2011-08-09,12.4876488206627
2011-08-12,12.8632172062465
2011-08-15,13.4265697846223
2011-08-18,14.1823763191464
2011-08-21,13.0154719384571
2011-08-24,11.7588056823302
2011-08-27,11.7588056823302
2011-08-30,13.9130906928334
2011-09-02,14.3165311122368
2011-09-05,13.6095419215091
2011-09-08,11.046706105121
2011-09-11,12.1955635400536
2011-09-14,13.2639252302093
2011-09-17,10.7333079165509
2011-09-20,12.1295105723624
2011-09-23,11.6931972424213
2011-09-26,11.954985240386
2011-09-29,11.2529540121156
2011-10-02,11.0010222058743
2011-10-05,11.504885818357
2011-10-08,10.83306766838
2011-10-11,8.90159048719596
2011-10-14,11.1689767433685
2011-10-17,8.24723613284346
2011-10-20,7.51739222728209
2011-10-23,7.66336100839436
2011-10-26,7.95529857061891
2011-10-29,8.68514247618028
2011-11-01,8.73436486000387
2011-11-04,8.55489160945584
2011-11-07,7.83699860726374
2011-11-10,8.67454044315452
2011-11-13,8.79418927685321
2011-11-16,7.88415816372673
2011-11-19,7.64704062496803
2011-11-22,8.00271693310608
2011-11-25,7.70632000965771
2011-11-28,7.35064370151966
2011-12-01,10.0306575507535
2011-12-04,7.42810856461203
2011-12-07,7.97030627005816
2011-12-10,8.5125039755043
2011-12-13,7.40682744479193
2011-12-16,7.11974110972247
2011-12-19,8.67000731909753
2011-12-22,7.92358284791695
2011-12-25,9.99060446041702
2011-12-28,8.64906120875774
2011-12-31,9.28332569739997
2012-01-03,9.34098610545835
2012-01-06,9.80226936992543
2012-01-09,10.010256218171
2012-01-12,10.3211337404744
2012-01-15,9.20197466018202
2012-01-18,8.82892163341788
2012-01-21,11.1294152984634
2012-01-24,8.77601647007213
2012-01-27,9.0360465877039
2012-01-30,10.7912498817183
2012-02-02,10.5962272934945
2012-02-05,9.3272398828152
2012-02-08,9.05290929802652
2012-02-11,9.46440517520954
2012-02-14,9.3272398828152
2012-02-17,9.73873575999822
2012-02-20,9.9887880969614
2012-02-23,11.4939479471885
2012-02-26,10.3992862379324
2012-02-29,12.7254423701015
2012-03-03,8.85540994103212
2012-03-06,11.0134510190988
2012-03-09,12.3529247916919
2012-03-12,12.5761704204574
2012-03-15,9.59956203691717
2012-03-18,11.6189762145854
2012-03-21,12.0658599151464
2012-03-24,12.810666082748
2012-03-27,11.0231312805041
2012-03-30,12.1284618185812
2012-04-02,10.2687643397321
2012-04-05,9.62191304274106
2012-04-08,11.8050361700857
2012-04-11,11.5624669337141
2012-04-14,10.4323211417541
2012-04-17,11.1382676851811
2012-04-20,12.1579682479089
2012-04-23,11.6088987141324
2012-04-26,12.0795297430837
2012-04-29,12.4487382935262
2012-05-02,11.5488295012231
2012-05-05,11.6988142999403
2012-05-08,13.9485862806981
2012-05-11,10.5974601790129
2012-05-14,12.320624435763
2012-05-17,10.1666691148254
2012-05-20,12.2344662229255
2012-05-23,10.4251437533379
2012-05-26,10.6775233228416
2012-05-29,10.756616088196
2012-06-01,11.9430075685117
2012-06-04,11.9430075685117
2012-06-07,9.96568843465216
2012-06-10,13.3790336035767
2012-06-13,12.7494320222319
2012-06-16,12.5920316268957
2012-06-19,14.3234359755939
2012-06-22,12.1017605759324
2012-06-25,13.1316976462245
2012-06-28,11.5867920407863
2012-07-01,11.8442763083594
2012-07-04,13.8433790741358
2012-07-07,14.8010971232899
2012-07-10,13.1468568565692
2012-07-13,14.0175096285275
2012-07-16,12.8856610249818
2012-07-19,13.2673705458731
2012-07-22,12.8962552858487
2012-07-25,14.2879375109403
2012-07-28,15.772398551038
2012-07-31,13.4653813724536
2012-08-03,17.5151201310862
2012-08-06,14.2753291241801
2012-08-09,16.0977115655648
2012-08-12,18.4055429382566
2012-08-15,18.623360014449
2012-08-18,16.1184636382366
2012-08-21,19.712445395411
2012-08-24,16.9897319430061
2012-08-27,18.0774253068439
2012-08-30,19.169350325378
2012-09-02,18.5627253150813
2012-09-05,21.8385003706838
2012-09-08,18.7490590191164
2012-09-11,21.1596523215742
2012-09-14,21.6953397221204
2012-09-17,23.570245624032
2012-09-20,20.9294479443629
2012-09-23,21.2142023381637
2012-09-26,20.3599391567612
2012-09-29,23.9193690792719
2012-10-02,19.3632987784582
2012-10-05,20.6511046856479
2012-10-08,25.2064954251291
2012-10-11,20.9547974016134
2012-10-14,20.9547974016134
2012-10-17,21.5343577779689
2012-10-20,21.0761799529057
2012-10-23,20.923454011218
2012-10-26,24.5888766117233
2012-10-29,24.1306987866602
2012-11-01,22.175160378472
2012-11-04,26.2816715596705
2012-11-07,25.7888902179266
2012-11-10,26.2816715596705
2012-11-13,22.7748759110447
2012-11-16,23.6121875254214
2012-11-19,20.5978657136654
2012-11-22,24.6169614626733
2012-11-25,23.6121875254214
2012-11-28,28.8903964873729
2012-12-01,27.3518546626016
2012-12-04,18.9753491721799
2012-12-07,21.1976873635162
2012-12-10,24.2747710130589
2012-12-13,22.7844398482441
2012-12-16,19.2662542834417
2012-12-19,23.9571683698449
2012-12-22,24.1247010157879
2012-12-25,20.6065154509855
2012-12-28,26.0688629742304
2012-12-31,24.8839146572199
2013-01-03,23.6989663402095
2013-01-06,21.0328326269359
2013-01-09,21.6458221266411
2013-01-12,19.2227823363455
2013-01-15,20.5150702245032
2013-01-18,20.1919982524637
2013-01-21,23.5842539588777
2013-01-24,23.9073259309171
2013-01-27,22.4319505785413
2013-01-30,21.3989002229506
2013-02-02,23.7601581785865
2013-02-05,28.0057671748026
2013-02-08,24.749282619593
2013-02-11,25.8890522139163
2013-02-14,26.7031733527187
2013-02-17,30.2853063634493
2013-02-20,31.3982496568025
2013-02-23,29.4018291583931
2013-02-26,28.1313797503144
2013-03-01,34.3062704062833
2013-03-04,37.9974513993645
2013-03-07,33.0035006440194
2013-03-10,40.168734336471
2013-03-13,33.4377572314407
2013-03-16,42.4121010717338
2013-03-19,47.472635858702
2013-03-22,54.2200155746597
2013-03-25,45.2677808665388
2013-03-28,59.5803880522826
2013-03-31,52.2576587944602
2013-04-03,59.2475367223816
2013-04-06,64.0797183431136
2013-04-09,64.0797183431136
2013-04-12,65.9868528176111
2013-04-15,61.0283031839177
2013-04-18,72.7166919656983
2013-04-21,77.6239533866963
2013-04-24,78.0700680613325
2013-04-27,70.9322332671535
2013-04-30,74.6333901791775
2013-05-03,73.6315997069738
2013-05-06,81.6459234846036
2013-05-09,83.1486091929092
2013-05-12,89.1593520261315
2013-05-15,81.7498729685886
2013-05-18,81.7498729685886
2013-05-21,82.8621161382293
2013-05-24,90.0916967408936
2013-05-27,103.913692158211
2013-05-30,102.101244039172
2013-06-02,123.246472094622
2013-06-05,156.703562082192
2013-06-08,130.327714999051
2013-06-11,136.533796665672
2013-06-14,133.430755832362
2013-06-17,148.049400446238
2013-06-20,140.358522500979
2013-06-23,169.1993147957
2013-06-26,181.696991456746
2013-06-29,170.75417902577
2013-07-02,166.511839174198
2013-07-05,187.723538432058
2013-07-08,197.268803098095
2013-07-11,249.70821205767
2013-07-14,211.991867528126
2013-07-17,219.795249154928
2013-07-20,243.205394035335
2013-07-23,225.29983210912
2013-07-26,276.574966313265
2013-07-29,257.929462966303
2013-08-01,287.451509932325
2013-08-04,317.855567249954
2013-08-07,327.149589684163
2013-08-10,369.902092881525
2013-08-13,484.952765580043
2013-08-16,434.436852498788
2013-08-19,449.591626423165
2013-08-22,525.365496045046
2013-08-25,467.388810199078
2013-08-28,545.831687435287
2013-08-31,702.717441907705
2013-09-03,604.663845362444
2013-09-06,821.078113093457
2013-09-09,834.042504352828
2013-09-12,898.864460649679
2013-09-15,1024.57958056223
2013-09-18,845.418123851895
2013-09-21,1046.97476265102
2013-09-24,1125.35789996179
2013-09-27,1302.02028851433
2013-09-30,1213.24617793381
2013-10-03,1538.75125006239
2013-10-06,1900.66283139384
2013-10-09,1721.88761457957
2013-10-12,1853.61672170588
2013-10-15,2333.48704052313
2013-10-18,2302.45571980844
2013-10-21,2675.10751260981
2013-10-24,2781.5794534102
2013-10-27,3439.6720527868
2013-10-30,3808.9023861368
2013-11-02,4216.99907036574
2013-11-05,3303.63982471049
2013-11-08,3377.994520131
2013-11-11,4952.69873252289
2013-11-14,4292.33890151984
2013-11-17,5847.42683190499
2013-11-20,4938.50038134981
2013-11-23,4908.20283299797
2013-11-26,4968.79792970165
2013-11-29,6505.6094504138
2013-12-02,5731.96940766189
2013-12-05,6013.29305957168
2013-12-08,6294.61671148146
2013-12-11,7134.38987382805
2013-12-14,9030.87325801019
2013-12-17,8895.41015914004
2013-12-20,9121.1819905903
2013-12-23,9333.93766125748
2013-12-26,10508.0178702207
2013-12-29,8805.60156722404
2014-01-01,11740.802089632
2014-01-04,10435.9377082216
2014-01-07,13185.9483205232
2014-01-10,14243.64470987
2014-01-13,18058.6488747028
2014-01-16,17791.7722903476
2014-01-19,16368.4305071198
2014-01-22,16902.1836758303
2014-01-25,16903.7992186766
2014-01-28,18103.4236793568
2014-01-31,20066.4455241064
2014-02-03,21157.0132156339
2014-02-06,21761.8906024157
2014-02-09,19676.9190476932
2014-02-12,21761.8906024157
2014-02-15,23455.9299906277
2014-02-18,25980.5116973035
2014-02-21,26136.0836236347
2014-02-24,28314.0905922709
2014-02-27,28314.0905922709
2014-03-02,28262.4181718192
2014-03-05,30538.5860782745
2014-03-08,33194.1153024722
2014-03-11,31866.3506903734
2014-03-14,29367.8475506144
2014-03-17,37607.7472230889
2014-03-20,35283.6729564935
2014-03-23,43312.2931501866
2014-03-26,39324.9976022039
2014-03-29,42560.5986707397
2014-04-01,44551.7377898386
2014-04-04,50027.3703673607
2014-04-07,44415.1321567057
2014-04-10,53237.3159412568
2014-04-13,60538.4335560578
2014-04-16,45327.7718585558
2014-04-19,56547.9844196814
2014-04-22,53425.7030713554
2014-04-25,56894.9045694954
2014-04-28,57588.7448691234
2014-05-01,66817.8858733963
2014-05-04,60454.2776949776
2014-05-07,64829.2583176404
2014-05-10,70397.4154737568
2014-05-13,74817.9710179175
2014-05-16,80099.2395603588
2014-05-19,77898.7110010083
2014-05-22,73497.6538823072
2014-05-25,78483.2567556605
2014-05-28,91996.9301043173
2014-05-31,79003.0134229165
2014-06-03,97714.2534441336
2014-06-06,86494.3621241971
2014-06-09,79481.3057357487
2014-06-12,90585.3116841254
2014-06-15,108702.37402095
2014-06-18,113768.842858603
2014-06-21,126484.18411927
2014-06-24,132507.240505902
2014-06-27,125145.727144463
2014-06-30,104506.281189491
2014-07-03,111194.683185619
2014-07-06,124571.487177873
2014-07-09,132931.989673033
2014-07-12,137948.291170128
2014-07-15,118927.432811316
2014-07-18,137025.08563043
2014-07-21,128407.155716566
2014-07-24,128407.155716566
2014-07-27,149954.363443907
2014-07-30,162993.873308595
2014-08-02,157405.511938015
2014-08-05,122943.950152769
2014-08-08,157903.329123918
2014-08-11,178499.415531385
2014-08-14,166730.223298547
2014-08-17,161826.393201531
2014-08-20,187281.346343637
2014-08-23,186096.021366779
2014-08-26,196763.946158505
2014-08-29,196763.946158505
2014-09-01,204522.695658425
2014-09-04,227701.934499713
2014-09-07,223611.480586544
2014-09-10,212703.603484762
2014-09-13,241336.780876941
2014-09-16,250600.648941334
2014-09-19,240220.740405303
2014-09-22,232806.520022423
2014-09-25,241703.584481879
2014-09-28,239501.007151538
2014-10-01,249839.180122108
2014-10-04,246393.122465251
2014-10-07,260177.353092678
2014-10-10,276657.26825683
2014-10-13,266217.371341478
2014-10-16,260997.422883802
2014-10-19,233157.697776197
2014-10-22,297537.062087534
2014-10-25,271906.093816513
2014-10-28,268328.382055769
2014-10-31,336304.905509898
2014-11-03,277272.661457628
2014-11-06,285462.79452079
2014-11-09,273650.540954412
2014-11-12,265775.705243494
2014-11-15,295306.339159437
2014-11-18,295306.339159437
2014-11-21,248412.346336535
2014-11-24,310515.432920669
2014-11-27,262435.623952307
2014-11-30,312518.75829435
2014-12-03,242402.37021549
2014-12-06,288373.409485721
2014-12-09,276440.716679416
2014-12-12,282407.063082569
2014-12-15,304283.666560796
2014-12-18,272641.755669288
2014-12-21,284410.464547099
2014-12-24,296179.17342491
2014-12-27,313832.236741627
2014-12-30,286371.916026734
2015-01-02,323243.653100747
2015-01-05,339405.835755784
2015-01-08,272736.832303755
2015-01-11,296980.106286311
2015-01-14,330062.319707546
2015-01-17,299460.51523135
2015-01-20,262301.18122454
2015-01-23,271044.553932025
2015-01-26,277602.083462638
2015-01-29,348786.567248165
2015-02-01,348786.567248165
2015-02-04,330321.39604091
2015-02-07,352889.938627556
2015-02-10,331483.607097818
2015-02-13,309384.699957963
2015-02-16,349162.732809701
2015-02-19,362422.077093614
2015-02-22,333693.497811803
2015-02-25,362028.097735547
2015-02-28,313293.5461173
2015-03-03,357386.711867142
2015-03-06,366669.483603951
2015-03-09,311208.023870146
2015-03-12,313565.660414617
2015-03-15,346572.572037208
2015-03-18,332426.752770383
2015-03-21,337142.025859325
2015-03-24,387831.112208752
2015-03-27,399442.822155122
2015-03-30,329772.562476903
2015-04-02,341384.272423273
2015-04-05,371157.005411998
2015-04-08,292501.216185614
2015-04-11,336745.097625455
2015-04-14,388362.959305269
2015-04-17,329371.117385482
2015-04-20,408026.906611865
2015-04-23,326609.291887328
2015-04-26,352643.365878346
2015-04-29,305308.685894676
2015-05-02,347909.897879979
2015-05-05,364728.388876663
2015-05-08,350518.191907442
2015-05-11,352886.558068979
2015-05-14,331571.262615148
2015-05-17,419738.369701863
2015-05-20,344525.13582465
2015-05-23,291148.002105338
2015-05-26,327541.502368506
2015-05-29,380918.636087818
2015-06-01,332393.969070261
2015-06-04,335928.179909096
2015-06-07,395070.465104359
2015-06-10,373779.242434065
2015-06-13,373779.242434065
2015-06-16,303837.296681705
2015-06-19,397705.729802882
2015-06-22,365592.844787742
2015-06-25,395235.50787864
2015-06-28,363122.622863501
2015-07-01,356089.184959354
2015-07-04,380647.059784137
2015-07-07,363456.547406789
2015-07-10,383102.847266616
2015-07-13,368157.891393933
2015-07-16,345306.711928103
2015-07-19,363079.851512638
2015-07-22,373235.931275229
2015-07-25,397611.600337113
2015-07-28,369025.145410916
2015-07-31,361228.839521953
2015-08-03,382018.988559187
2015-08-06,363827.608151607
2015-08-09,353662.65570703
2015-08-12,322225.975199739
2015-08-15,351042.932331422
2015-08-18,379859.889463106
2015-08-21,403437.399843575
2015-08-24,423446.540478744
2015-08-27,401869.646696388
2015-08-30,388384.088082415
2015-09-02,415355.205310361
2015-09-05,427538.389387399
2015-09-08,393561.828641381
2015-09-11,489828.750755099
2015-09-14,450189.429884745
2015-09-17,399224.588765717
2015-09-20,353949.157008514
2015-09-23,442436.446260643
2015-09-26,448335.598877451
2015-09-29,510276.701353941
2015-10-02,377880.220505957
2015-10-05,447410.181079053
2015-10-08,414156.721674529
2015-10-11,453456.264607148
2015-10-14,459502.348135243
2015-10-17,396478.230871569
2015-10-20,384372.025348773
2015-10-23,466088.912627646
2015-10-26,460035.809866248
2015-10-29,458010.013458184
2015-11-01,492051.298242239
2015-11-04,479672.649229855
2015-11-07,504429.947254622
2015-11-10,442536.702192705
2015-11-13,546646.864777153
2015-11-16,576106.875453766
2015-11-19,458266.832747314
2015-11-22,569560.206414519
2015-11-25,556720.631229444
2015-11-28,527800.078957785
2015-12-01,694093.254519827
2015-12-04,527800.078957785
2015-12-07,593762.303117281
2015-12-10,770711.333847596
2015-12-13,585897.901751489
2015-12-16,660609.714726511
2015-12-19,720030.586381441
2015-12-22,654995.565676021
2015-12-25,622478.055323311
2015-12-28,747902.738112336
2015-12-31,743604.444166195
2016-01-03,769424.042921966
2016-01-06,702293.086156962
2016-01-09,821063.240433507
2016-01-12,908849.876203127
2016-01-15,693089.355237507
2016-01-18,986102.741191575
2016-01-21,755072.956112406
2016-01-24,935388.885930294
2016-01-27,918901.018160999
2016-01-30,1056139.48191232
2016-02-02,978569.91544418
2016-02-05,1074040.15109727
2016-02-08,1153414.86436954
2016-02-11,1375500.95626678
2016-02-14,1289532.14650011
2016-02-17,1002969.44727786
2016-02-20,1284099.85113956
2016-02-23,1097173.92344203
2016-02-26,1219082.13715781
2016-02-29,1097173.92344203
2016-03-03,1080919.49494659
2016-03-06,1094688.8032164
2016-03-09,1299450.73763098
2016-03-12,1141941.55731207
2016-03-15,1197069.77042369
2016-03-18,1135311.13692768
2016-03-21,1036588.42936875
2016-03-24,1242260.73678319
2016-03-27,1258714.52137634
2016-03-30,1308075.8751558
2016-04-02,1244135.05700979
2016-04-05,1235840.82329639
2016-04-08,1169486.9535892
2016-04-11,1252429.29072319
2016-04-14,1465554.23046872
2016-04-17,1358968.46825281
2016-04-20,1465554.23046307
2016-04-23,1279029.14658595
2016-04-26,1341204.17454499
2016-04-29,1403229.58035675
2016-05-02,1394348.38048107
2016-05-05,1385467.1806054
2016-05-08,1447635.57973513
2016-05-11,1284309.11258538
2016-05-14,1390530.16700974
2016-05-17,1361560.78853037
2016-05-20,1438812.46447535
2016-05-23,1747819.1682553
2016-05-26,1357376.35658448
2016-05-29,1456454.92275853
2016-06-01,1426731.35290631
2016-06-04,1179034.93747119
2016-06-07,1406915.6396715
2016-06-10,1403462.33970866
2016-06-13,1569148.86592427
2016-06-16,1452193.67094854
2016-06-19,1725089.1258919
2016-06-22,1343144.51552102
2016-06-25,1728387.51609681
2016-06-28,1551383.97529172
2016-07-01,1634679.7592
2016-07-04,1601825.83564846
2016-07-07,1463920.30012906
2016-07-10,1654866.42623285
2016-07-13,1379055.35519404
2016-07-16,1665474.54434972
2016-07-19,1358434.53362342
2016-07-22,1369047.30341735
2016-07-25,1400885.61279915
2016-07-28,1453949.46176882
2016-07-31,1634366.54826568
2016-08-03,1686075.87924624
2016-08-06,1676039.71329835
2016-08-09,1254520.74348679
2016-08-12,1495388.72623625
2016-08-15,1577645.90337332
2016-08-18,1664092.25424309
2016-08-21,1761344.39897158
2016-08-24,1653286.46038437
2016-08-27,1556034.31565588
2016-08-30,1810682.89469399
2016-09-02,1678996.86598897
2016-09-05,1536337.00155853
2016-09-08,1580232.34446021
2016-09-11,1799709.05896857
2016-09-14,1751289.22289128
2016-09-17,1829872.71366204
2016-09-20,1717610.58398952
2016-09-23,1526764.96354624
2016-09-26,1834694.78230379
2016-09-29,1714780.09064995
2016-10-02,1690797.15231918
2016-10-05,2002575.35061917
2016-10-08,2171858.80432592
2016-10-11,1786321.73846925
2016-10-14,1747768.03188358
2016-10-17,1606404.44106947
2016-10-20,1722065.56082647
2016-10-23,1815470.12498659
2016-10-26,1752432.967869
2016-10-29,1878507.28210418
2016-11-01,1815470.12498659
2016-11-04,1462462.04512809
2016-11-07,1847956.77194818
2016-11-10,2126416.01155681
2016-11-13,1809985.0574561
2016-11-16,2177044.96421293
2016-11-19,1989192.73972682
2016-11-22,1877125.54312249
2016-11-25,2129276.73548223
2016-11-28,2297377.53038872
2016-12-01,2045226.33802898
2016-12-04,2109770.13119712
2016-12-07,2494660.6281047
2016-12-10,1881686.8737704
2016-12-13,2537426.23887221
2016-12-16,2050571.62855749
2016-12-19,2343510.43263714
2016-12-22,2451435.25519279
2016-12-25,2574777.90954212
2016-12-28,2589949.6705277
2016-12-31,2337271.65389085
2017-01-03,2589949.6705277
2017-01-06,2542572.54240829
2017-01-09,2147763.14141322
2017-01-12,2897297.86405773
2017-01-15,2796813.54507307
2017-01-18,2528855.36111398
2017-01-21,3031276.95603728
2017-01-24,2910612.14912321
2017-01-27,3320832.65336205
2017-01-30,2852009.21994623
2017-02-02,3066886.62692848
2017-02-05,3336807.82080216
2017-02-08,3063987.05557934
2017-02-11,2917083.5666132
2017-02-14,3546669.94789663
2017-02-17,3168918.11912658
2017-02-20,3242870.59291391
2017-02-23,3286693.16849383
2017-02-26,3900209.22661268
2017-03-01,3155225.44175408
2017-03-04,3069265.84971519
2017-03-07,3504460.26124197
2017-03-10,3573175.16832514
2017-03-13,3321220.50902016
2017-03-16,3504460.26124197
2017-03-19,3925474.04529489
2017-03-22,3807236.87525589
2017-03-25,3145108.72303748
2017-03-28,3665352.27120909
2017-03-31,3352999.96635355
2017-04-03,4371318.47465352
2017-04-06,3651044.4078072
2017-04-09,3949088.84926085
2017-04-12,3526859.22386818
2017-04-15,3909321.04724491
2017-04-18,3779873.33044872
2017-04-21,4323553.74099272
2017-04-24,3210303.37654549
2017-04-27,3814281.63369607
2017-04-30,3918071.61012318
2017-05-03,3425069.22209443
2017-05-06,4359179.00993837
2017-05-09,4021861.58655028
2017-05-12,4286790.82682718
2017-05-15,4732171.69195208
2017-05-18,3952755.1779835
2017-05-21,4091936.69833503
2017-05-24,4562009.63318118
2017-05-27,4976737.78165219
2017-05-30,5302595.6125937
2017-06-02,4325022.11976917
2017-06-05,5533581.08610618
2017-06-08,5567322.4341922
2017-06-11,4926236.82055794
2017-06-14,4723788.73204186
2017-06-17,5129905.64429561
2017-06-20,4882255.02698479
2017-06-23,5660585.53853309
2017-06-26,5023769.66544811
2017-06-29,4245439.15389981
2017-07-02,6622798.79067395
2017-07-05,5248920.31814053
2017-07-08,5812562.76841065
2017-07-11,6094383.99354571
2017-07-14,5559049.84406697
2017-07-17,5918988.32317922
2017-07-20,6478892.62402049
2017-07-23,6878824.26747855
2017-07-26,5878995.15883341
2017-07-29,6713613.08566083
2017-08-01,6371518.15135964
2017-08-04,7654374.1549891
2017-08-07,6542565.61851024
2017-08-10,6149818.07831441
2017-08-13,6792336.38500398
2017-08-16,5966241.41926025
2017-08-19,6930018.8792946
2017-08-22,4084580.66395509
2017-08-25,4459277.5076504
2017-08-28,5695512.85630595
2017-08-31,7196655.77967341
2017-09-03,6799294.41760555
2017-09-06,7430760.7659943
2017-09-09,7751843.02131504
2017-09-12,8623352.00004277
2017-09-15,8256400.85110478
2017-09-18,6965995.45167762
2017-09-21,9653662.98815166
2017-09-24,7953301.89364767
2017-09-27,8063002.60942212
2017-09-30,7569349.3884371
2017-10-03,10223761.0883278
2017-10-06,8882939.96198973
2017-10-09,8994675.05585124
2017-10-12,8547734.68040521
2017-10-15,11601113.0653046
2017-10-18,8983426.01467175
2017-10-21,9102411.78970051
2017-10-24,9935312.21490186
2017-10-27,7510989.94359475
2017-10-30,10616495.4010426
2017-11-02,10833158.5724924
2017-11-05,10183169.0581429
2017-11-08,10399832.2295927
2017-11-11,5426063.16330753
2017-11-14,8681701.06129205
2017-11-17,11326906.8534045
2017-11-20,11869513.1697352
2017-11-23,10648648.957991
2017-11-26,10244850.0585939
2017-11-29,11584046.1446846
2017-12-02,10780528.4930301
2017-12-05,11918845.1662072
2017-12-08,12337090.7722833
2017-12-11,13523349.5003875
2017-12-14,14630524.3132847
2017-12-17,14630524.3132847
2017-12-20,12663310.6376441
2017-12-23,12942648.372298
2017-12-26,13221986.1069519
2017-12-29,15363575.4059653
2018-01-01,14975580.9596883
2018-01-04,16127548.7258182
2018-01-07,15551564.8427532
2018-01-10,15935554.0981299
2018-01-13,16501289.1137539
2018-01-16,17608758.1817911
2018-01-19,18273239.6226134
2018-01-22,18494733.4362209
2018-01-25,20445148.5647756
2018-01-28,20445148.5647756
2018-01-31,15139761.9118908
2018-02-03,20445148.5647756
2018-02-06,24293141.3193202
2018-02-09,19291612.224166
2018-02-12,23721537.9941597
2018-02-15,18720008.8990056
2018-02-18,23149934.6689992
2018-02-21,25265138.8267172
2018-02-24,21677190.1175976
2018-02-27,23919658.0607974
2018-03-02,23321666.6092775
2018-03-05,24372959.7309369
2018-03-08,26499459.5732334
2018-03-11,25027267.3747204
2018-03-14,23555075.1762075
2018-03-17,24372959.7309369
2018-03-20,21859737.3155061
2018-03-23,22892480.8107269
2018-03-26,25818587.3805191
2018-03-29,26162835.2122593
2018-04-01,28274794.2168317
2018-04-04,25656757.7152732
2018-04-07,31416438.0187018
2018-04-10,28623865.7503728
2018-04-13,28798401.5171434
2018-04-16,26910340.4324498
2018-04-19,33971919.1274899
2018-04-22,30536556.519092
2018-04-25,23474977.824052
2018-04-28,25592018.8297784
2018-05-01,31590148.2430077
2018-05-04,27591395.3008549
2018-05-07,29990647.0661466
2018-05-10,30790397.6545772
2018-05-13,30487010.8112811
2018-05-16,36872803.6163467
2018-05-19,31722970.7090357
2018-05-22,31104990.7601584
2018-05-25,37681533.9302713
2018-05-28,33399541.438195
2018-05-31,36396936.1826484
2018-06-03,34898238.8104217
2018-06-06,36103754.4868926
2018-06-09,35121339.3988139
2018-06-12,35612546.9428532
2018-06-15,37577377.1190106
2018-06-18,40279018.6112271
2018-06-21,42908653.8315633
2018-06-24,43161057.6776313
2018-06-27,30540865.3742303
2018-06-30,35588942.2955907
2018-07-03,30929068.6931155
2018-07-06,42660784.4042972
2018-07-09,36261666.7436526
2018-07-12,37594816.2562869
2018-07-15,35461777.0360721
2018-08-04,52051671.9161698
2018-08-07,44657968.5189865
2018-08-10,52051671.9161698
2018-08-13,47642199.754279
2018-08-16,50183117.0745072
2018-08-19,46054126.4291363
2018-08-22,50818346.4045642
2018-08-25,45145645.9144977
2018-08-28,51165065.369764
2018-08-31,51833889.7536825
2018-09-03,48155355.6421309
2018-09-06,50161828.7938863
2018-09-09,56874984.6776413
2018-09-12,58619616.1094708
2018-09-15,48849680.0912257
2018-09-18,49547532.6639575
2018-09-21,51200543.8778585
2018-09-24,52622781.2077991
2018-09-27,50844984.5453734
2018-09-30,57956171.195076
2018-10-03,51556103.2103437
2018-10-06,46323562.6981987
2018-10-09,48176505.2061266
2018-10-12,48917682.2092978
2018-10-15,60035337.2568655
2018-10-18,50951835.5499124
2018-10-21,49274490.4825221
2018-10-24,40347952.3516304
2018-10-27,48560367.4320507
2018-10-30,54987474.8862927
2018-11-02,51070835.0767129
2018-11-05,51070835.0767129
2018-11-08,43213783.5264494
2018-11-11,52142251.1972034
2018-11-14,48213725.4220716
2018-11-17,47956936.4976083
2018-11-20,43657349.0874779
2018-11-23,41342186.6358693
2018-11-26,36711861.7326519
2018-11-29,34727436.7741302
2018-12-02,37704074.2119128
2018-12-05,36488953.5266859
2018-12-08,35646900.7529932
2018-12-11,35085532.237198
2018-12-14,40979901.6530473
2018-12-17,44909481.2636135
2018-12-20,34268624.157749
2018-12-23,44676132.2352876
2018-12-26,39853140.68716
2018-12-29,35030149.1390323
2019-01-01,41615985.2733737
2019-01-04,41615985.2733737
2019-01-07,39381569.9566825
2019-01-10,43571098.6754785
2019-01-13,38264362.2983369
2019-01-16,38901788.6362525
2019-01-19,38901788.6362525
2019-01-22,38024304.6820513
2019-01-25,40364261.8932544
2019-01-28,42070546.8156134
2019-01-31,44802503.958942
2019-02-03,39888680.9440903
2019-02-06,47403939.672687
2019-02-09,43357261.8957503
2019-02-12,38568926.138295
2019-02-15,38267606.4028396
2019-02-18,46704558.9955916
2019-02-21,35857048.5191961
2019-02-24,41298258.2978092
2019-02-27,42558467.7050556
2019-03-02,39841969.766435
2019-03-05,44973132.539385
2019-03-08,44067633.2265115
2019-03-11,42839445.3543434
2019-03-14,46761366.4079101
2019-03-17,44046190.2939024
2019-03-20,48571483.8172485
2019-03-23,43744504.0590126
2019-03-26,42493410.7542353
2019-03-29,46615905.8274074
2019-04-01,43127640.7654926
2019-04-04,44396100.788007
2019-04-07,44809649.5150327
2019-04-10,47034242.0441478
2019-04-13,42902855.9186484
2019-04-16,46080845.2459556
2019-04-19,48305437.7750707
2019-04-22,42318655.5416624
2019-04-25,45160953.3019234
2019-04-28,51477170.5469476
2019-05-01,54003657.4449573
2019-05-04,43006075.3622154
2019-05-07,42312167.3509307
2019-05-10,41645834.0068216
2019-05-13,55638834.2331136
2019-05-16,48642334.1199676
2019-05-19,54326123.0260958
2019-05-22,55659279.4193742
2019-05-25,46660473.7647449
2019-05-28,54659412.1244154
2019-05-31,43386260.5763838
2019-06-03,44127906.056322
2019-06-06,58219170.1751475
2019-06-09,54510942.7754566
2019-06-12,48577778.9359511
2019-06-15,53775192.2320125
2019-06-18,60036687.2179318
2019-06-21,48986990.1839566
2019-06-24,65193212.5004535
2019-06-27,55539973.1845089
2019-06-30,59954383.5044098
2019-07-03,67843118.1760427
2019-07-06,70209738.5775326
2019-07-09,65740170.4585491
2019-07-12,73895419.9463116
2019-07-15,65784947.025375
2019-07-18,54520401.3018519
2019-07-21,67136692.5121977
2019-07-24,62282811.3455415
2019-07-27,68107822.4785777
2019-07-30,63627044.6839344
2019-08-02,75725144.7294713
2019-08-05,70305379.0080994
2019-08-08,70485156.5393414
2019-08-11,75945274.2994312
2019-08-14,75448899.9576049
2019-08-17,63535915.7537725
2019-08-20,77452265.232684
2019-08-23,77452265.232684
2019-08-26,69352681.9403772
2019-08-29,83526952.7019141
2019-09-01,75959123.8204752
2019-09-04,72825124.7697365
2019-09-07,80321828.7901505
2019-09-10,97457152.2653826
2019-09-13,81711974.361587
2019-09-16,96346803.0777296
2019-09-19,87480532.8558527
2019-09-22,98120057.122105
2019-09-25,92209210.3075204
2019-09-28,100852756.01995
2019-10-01,90704051.0116529
2019-10-04,93241227.2637271
2019-10-07,98315579.7678755
2019-10-10,103681264.292523
2019-10-13,91822275.6667605
2019-10-16,92468911.4108927
2019-10-19,91822275.6667605
2019-10-22,109281440.758328
2019-10-25,93923788.6805996
2019-10-28,91201360.0231908
2019-10-31,89840145.6944865
2019-11-03,93923788.6805996
2019-11-06,89840145.6944865
2019-11-09,91053344.3806535
2019-11-12,85362510.3568626
2019-11-15,99905752.8621059
2019-11-18,88524084.8145242
2019-11-21,87143254.9641945
2019-11-24,84482300.5950993
2019-11-27,89641525.0589222
2019-11-30,81257785.30521
2019-12-03,101894683.160501
2019-12-06,92816137.3771571
2019-12-09,94736471.2539258
2019-12-12,85134801.870082
2019-12-15,79373800.2397757
2019-12-18,85774913.1623382
2019-12-21,113287340.369223
2019-12-24,80459758.7849593
2019-12-27,93333320.1905527
2019-12-30,106850559.666426
2020-01-02,96717718.3123778
2020-01-05,111808426.134167
2020-01-08,97403659.5770046
2020-01-11,111808426.134167
2020-01-14,99607271.2200415
2020-01-17,116791417.080951
2020-01-20,111649656.580532
2020-01-23,116791417.080951
2020-01-26,105038821.651422
2020-01-29,123011831.712795
2020-02-01,116092416.17895
2020-02-04,101484761.163056
2020-02-07,106866528.80049
2020-02-10,93796521.681006
2020-02-13,108969442.265353
2020-02-16,109742275.18922
2020-02-19,108969442.265353
2020-02-22,114379272.732427
2020-02-25,111020255.745151
2020-02-28,121637665.569937
2020-03-02,114708937.784307
2020-03-05,125486958.784175
2020-03-08,121637665.569937
2020-03-11,97919187.3154346
2020-03-14,105324840.13761
2020-03-17,101210588.569735
2020-03-20,89690684.1796838
2020-03-23,92159235.1204091
